Sample_Name,Pig,Diet,Time_Point,Diet_By_Time_Point,Acidobacteria,Actinobacteria,Apicomplexa,Aquificae,Ascomycota,Bacillariophyta,Bacteroidetes,Basidiomycota,Candidatus Poribacteria,Chlamydiae,Chlorobi,Chloroflexi,Chlorophyta,Chrysiogenetes,Crenarchaeota,Cyanobacteria,Deferribacteres,Deinococcus-Thermus,Dictyoglomi,Elusimicrobia,Euryarchaeota,Fibrobacteres,Firmicutes,Fusobacteria,Gemmatimonadetes,Hemichordata,Korarchaeota,Lentisphaerae,Microsporidia,Nanoarchaeota,Nematoda,Nitrospirae,Placozoa,Planctomycetes,Proteobacteria,Spirochaetes,Synergistetes,Tenericutes,Thaumarchaeota,Thermotogae,Verrucomicrobia,unclassified (derived from Bacteria),unclassified (derived from Eukaryota),unclassified (derived from Viruses),unclassified (derived from other sequences)
ShotgunWGS-ControlPig6GutMicrobiome-Day14,6,Control,Day 14,Control Day 14,7.405998704336761e-4,0.04813358009688098,5.952629438767543e-5,5.032677616412559e-4,3.8421517286590506e-4,2.7057406539852467e-5,0.36709556521376124,6.184550066251992e-5,6.699929238439659e-6,1.4224465152379583e-4,0.0012598443864127497,0.0020208017341478385,9.534514685471822e-5,8.529525299705873e-5,1.669828517888038e-4,0.0022774605618972963,3.8498824162418654e-4,6.393278630987998e-4,3.1360822627619477e-4,1.6285981841130247e-4,0.00339506029678625,0.0012286639464953958,0.5308271474948192,0.003955535146540337,5.437250266579877e-5,6.699929238439659e-6,1.9326718957037477e-5,1.9713253336178227e-4,1.2626789718597818e-5,1.0307583443753322e-6,4.586874632470228e-5,1.41986961937702e-4,1.7522891854380646e-5,3.924612396209077e-4,0.02713703262195546,0.0029683263422148626,0.0011474917268758384,7.122540159633545e-4,1.4430616821254649e-5,0.0012920555846744788,8.269258817751101e-4,3.0845443455431815e-4,3.246888784782296e-4,3.9838810010106585e-4,1.2369100132503985e-5
ShotgunWGS-ControlPig8GutMicrobiome-Day0,8,Control,Day 0,Control Day 0,8.849650228110032e-4,0.06598072552370549,9.142495796594706e-5,5.366454563938664e-4,5.228364783677597e-4,4.380779235868297e-5,0.33127666858881294,9.642476035470979e-5,1.1666205573779702e-5,1.9737315144210968e-4,0.0014458952336645742,0.0022884809790851123,1.3594700780873898e-4,9.904370446310931e-5,2.1475341688876107e-4,0.003240824291230394,4.7474314110442303e-4,8.537757793382452e-4,3.69985376768442e-4,2.397524288325747e-4,0.004565533838424481,0.0016577916206168995,0.5293436021338205,0.0050574191591475194,8.094918153234895e-5,4.285544904653768e-6,2.3094325319523086e-5,4.364113227905754e-4,2.09515528671962e-5,1.1904291401816023e-6,6.309274442962493e-5,1.897544049449474e-4,1.6189836306469792e-5,6.266418993915954e-4,0.0368314014255627,0.004157692814998264,0.001783024766164004,8.882982244035117e-4,1.9046866242905636e-5,0.0016915998081980569,0.001495655171724165,4.095076242224712e-4,9.973415336441463e-4,6.252133844233776e-4,7.856832325198576e-6
ShotgunWGS-ControlPig3GutMicrobiome-Day14,3,Control,Day 14,Control Day 14,6.896862510281841e-4,0.0326726883208639,4.920780611917198e-5,4.252590402509494e-4,3.317642086245227e-4,3.3409510470385185e-5,0.326381651600445,5.127971374524238e-5,5.438757518434798e-6,1.4347960310537514e-4,0.0011574193976135769,0.001967276290953844,9.375382007968556e-5,7.018587083313478e-5,1.6523463317911433e-4,0.002920353798946228,3.6750461517423707e-4,6.011122000136746e-4,2.872181946640091e-4,1.8103292882790115e-4,0.003312462317180051,0.0012910574394951176,0.5870258180409285,0.0037180382349833313,6.241621723537078e-5,4.143815252140799e-6,1.3467399569457596e-5,2.0045706282231112e-4,1.4503353382492795e-5,1.0359538130351997e-6,3.7812314175784784e-5,1.4581049918470436e-4,8.028642051022798e-6,4.066118716163159e-4,0.027162449989329675,0.0028286718864926124,0.001074284104117502,6.456582139741882e-4,1.5280318742269194e-5,0.0013084096658634572,9.680988382813941e-4,2.973187443411023e-4,3.278793818256407e-4,5.187538718773762e-4,1.6057284102045595e-5
ShotgunWGS-TomatoPig14GutMicrobiome-Day7,14,Tomato,Day 7,Tomato Day 7,7.32354419592478e-4,0.03292016338161324,1.398131164676549e-4,5.384469425867424e-4,5.592524658706196e-4,5.409436053808077e-5,0.3461498130831788,9.487318617448011e-5,1.4147755833036508e-5,1.855852676921848e-4,0.001302425757570714,0.002370997433430648,1.5312865136933633e-4,9.487318617448011e-5,2.729684654844691e-4,0.002851188910822534,4.518959657258132e-4,8.047576406203708e-4,3.528616748945576e-4,2.9876731435647685e-4,0.006906601509315881,0.0014563866298714053,0.5231174330311816,0.004614665064363967,5.076547681266041e-5,4.161104656775443e-6,2.9959953528783193e-5,4.0945269822670365e-4,1.997330235252213e-5,4.993325588130532e-6,1.1484648852700224e-4,2.005652444565764e-4,1.5812197695746686e-5,4.493993029317479e-4,0.059739315115462335,0.00468873272725457,0.0015562531416340158,0.0010752294433107746,3.0792174460138284e-5,0.0016627774208474672,0.0010477661525760567,9.66208501303258e-4,5.509302565570687e-4,8.405431406686396e-4,9.57054071058352e-5
ShotgunWGS-ControlPig5GutMicrobiome-Day7,5,Control,Day 7,Control Day 7,6.563655904246158e-4,0.04634442458779362,5.567386704494509e-5,4.616698448522347e-4,3.8353108408739953e-4,3.613917685373629e-5,0.2599966335217237,5.925522691333337e-5,7.162719736776561e-6,1.6441697577600743e-4,0.001248592281388096,0.0020345379834143967,1.2632432990315027e-4,8.888284037000005e-5,2.12276966744469e-4,0.003422152143329929,3.7962414604915775e-4,6.820862658430408e-4,2.920436183585716e-4,2.1650948295256424e-4,0.004326608299182896,0.0013153358062080595,0.6250283659980485,0.004317166532257145,6.869699383908429e-5,2.6046253588278403e-6,2.1488159210329685e-5,4.359491694338098e-4,2.6046253588278405e-5,1.3023126794139202e-6,5.241808534641029e-5,1.5725425603923087e-4,8.790610586043962e-6,5.450178563347256e-4,0.03717679448105933,0.003502244373113885,0.0014188696642214661,7.517599941916854e-4,1.7906799341941404e-5,0.0014738923749267041,0.0011206400606356783,4.307399187161541e-4,4.457165145294142e-4,4.8022780053388306e-4,4.2325162080952404e-6
ShotgunWGS-TomatoPig18GutMicrobiome-Day7,18,Tomato,Day 7,Tomato Day 7,7.72411719566866e-4,0.10169526702895787,5.665474486292917e-5,3.6909724871096435e-4,4.4818951629188526e-4,3.5900036348786806e-5,0.3872593014750427,6.675163008602547e-5,9.535947155146495e-6,1.245282510848542e-4,0.0012329418733536468,0.0018258534111765788,1.2340637494895465e-4,5.104536418343124e-5,1.536970306182435e-4,0.004184597986905462,2.496174402376582e-4,6.181537508806727e-4,2.3727680274276277e-4,1.2901575562845256e-4,0.002787862197710475,0.001161702738724023,0.44535285248226314,0.002842834128369555,1.1667511813355711e-4,1.1218761358995877e-6,1.4023451698744846e-5,1.615501635695406e-4,1.7950018174393403e-5,5.609380679497938e-7,7.516570110527237e-5,1.3742982664769949e-4,1.626720397054402e-5,6.14788122472974e-4,0.03892405347310414,0.002652115185266625,8.313102167015944e-4,5.132583321740613e-4,1.4584389766694639e-5,9.592040961941474e-4,0.0013243747784294632,8.02702375236155e-4,2.905659191979932e-4,7.107085320923887e-4,3.3095346009037835e-5
ShotgunWGS-TomatoPig16GutMicrobiome-Day7,16,Tomato,Day 7,Tomato Day 7,7.179709500722087e-4,0.02664403914908095,1.0243661962813678e-4,4.0791725316204465e-4,7.865669007160503e-4,3.658450701004885e-5,0.37786856832934107,9.100396118749651e-5,9.603433090137823e-6,1.641729752075942e-4,0.0013728336255520832,0.0018859313363680183,1.3170422523617586e-4,5.9907130228954994e-5,1.9206866180275647e-4,0.0023016227972696983,3.9968573908478366e-4,6.868741191136671e-4,2.794141722892481e-4,2.277385561375541e-4,0.004096092866112594,0.0014720691008168407,0.5324902433692867,0.004233284767400277,4.664524643781228e-5,5.4876760515073275e-6,1.9664172517901257e-5,2.4740272865545534e-4,1.8749559842650035e-5,3.658450701004885e-6,6.859595064384159e-5,1.4359419001444174e-4,1.6463028154521982e-5,4.088318658372959e-4,0.03210427682033074,0.0037334489403754853,0.0015036232381130078,7.943411084556857e-4,2.7438380257536637e-5,0.0014391430445077967,0.001020707745580363,6.009005276400523e-4,5.318472706585852e-4,5.780352107587718e-4,2.7438380257536637e-5
ShotgunWGS-ControlPig10GutMicrobiome-Day7,10,Control,Day 7,Control Day 7,6.471020496882643e-4,0.05447671978088267,1.4308034534709697e-4,4.4868400979925876e-4,3.8038433275203827e-4,3.24049562632798e-5,0.3776269202429275,5.533769454190858e-5,1.1466369139314392e-5,1.191505314911365e-4,0.0011032641263175108,0.0018575518005689313,1.390920430377702e-4,7.178944156788141e-5,1.3709789188310684e-4,0.0022833030720895613,3.7639603044271154e-4,5.758111459090488e-4,2.801782372302038e-4,1.5903355458440395e-4,0.0027599051980541074,0.001378955523449722,0.49934292719453843,0.0033187660591485176,4.785962771192094e-5,5.483915675324274e-6,1.1964906927980235e-5,1.4407742092442866e-4,1.7448822603304507e-5,0,1.0917977571781963e-4,1.36599354094441e-4,1.0469293561982705e-5,2.9014899300352067e-4,0.044197369116381655,0.0026013701812583694,8.699484412218962e-4,5.643447767697344e-4,1.2463444716646078e-5,0.0011441442249881099,7.936721595560222e-4,3.729062659220506e-4,4.790948149078752e-4,4.3921179181460776e-4,2.392981385596047e-5
ShotgunWGS-ControlPig2GutMicrobiome-Day0,2,Control,Day 0,Control Day 0,8.525391924367673e-4,0.043646776093202194,1.4482762774535964e-4,5.735612100690519e-4,5.48921349015966e-4,3.695979157962864e-5,0.4061369133043751,1.034874164229602e-4,1.1498601824773355e-5,1.9930909829607148e-4,0.0015419077494553222,0.002246881551807498,1.51672033593439e-4,8.268042264479888e-5,2.2258007817954137e-4,0.0030030515099033076,5.196272919861864e-4,8.103776524125983e-4,3.5454022293051176e-4,2.4338707195770267e-4,0.004503892824270154,0.0018115773398696498,0.4664498176376506,0.004789441436252025,6.92653871825633e-5,4.654195976693977e-6,1.5331469099697806e-5,4.917021161260225e-4,1.451014039792828e-5,5.475524678463502e-7,7.47409118610268e-5,2.0067797946568734e-4,1.5879021567544156e-5,5.294832364074206e-4,0.048144098287858185,0.004143603300427255,0.001813767549741035,7.583601679671951e-4,2.1354546246007658e-5,0.0016938535592826843,0.0013157685802347796,4.281860298558459e-4,7.569912867975791e-4,4.944398784652543e-4,2.5461189754855284e-5
ShotgunWGS-TomatoPig18GutMicrobiome-Day0,18,Tomato,Day 0,Tomato Day 0,6.805245579465093e-4,0.044028161799679076,4.442748650188425e-5,3.7162285768046707e-4,3.146511396956979e-4,2.6395153745237113e-5,0.37792737935324033,5.4358336425834846e-5,5.749439429655609e-6,1.3929323709120178e-4,0.0011221860414064174,0.0019216194602844404,9.826314661593222e-5,6.089179032317076e-5,1.6333634743339798e-4,0.0019605588455125626,2.8982401488582136e-4,6.083952269199208e-4,2.9766415956262445e-4,1.871181196197007e-4,0.0035152595349226177,0.001351118265969068,0.5189441415825593,0.0035312011624321175,4.442748650188425e-5,2.6133815589343676e-6,1.77709946007537e-5,1.7117649211020108e-4,1.698698013307339e-5,3.920072338401551e-6,2.508846296576993e-5,1.2910104901135775e-4,6.794792053229356e-6,3.151738160074847e-4,0.03347062297789602,0.003225435520036796,9.8550618587415e-4,5.454127313496025e-4,1.5157613041819332e-5,0.0012050302368246369,8.543144316156447e-4,2.9034669119760824e-4,3.2797938564626313e-4,0.00066719631199594405,3.528065104561396e-5
ShotgunWGS-ControlPig10GutMicrobiome-Day0,10,Control,Day 0,Control Day 0,7.654464040221532e-4,0.040119653167838484,5.6708825955457796e-5,2.926273616402844e-4,3.768313759377823e-4,3.412349267449625e-5,0.4813744648257983,6.284614478180604e-5,3.6823912958089478e-6,1.0335244903570446e-4,0.0012552044463647433,0.0014783573588907657,6.873797085510036e-5,5.1553478141325265e-5,1.301111591185828e-4,0.0019165619230920303,2.155426371813504e-4,6.176597666836875e-4,2.0179504301033033e-4,1.4508621705487253e-4,0.00247063906673475,0.0018149279233277034,0.4347482717310185,0.0029277465729211673,4.517066656192309e-5,1.9639420244314387e-6,1.522055068934365e-5,1.7331788365607448e-4,1.4484072430181861e-5,1.2274637652696492e-6,3.608743469892769e-5,1.0187949251738089e-4,1.3502101417966141e-5,3.0367453552771124e-4,0.020667543894104246,0.0026054145881613576,7.011273027220236e-4,6.414725637299187e-4,1.3256608664912212e-5,9.998919831886563e-4,0.0010995620409285519,3.773223614438902e-4,3.341156369063985e-4,6.169232884245257e-4,4.664362308024667e-6
ShotgunWGS-ControlPig7GutMicrobiome-Day0,7,Control,Day 0,Control Day 0,7.765193436911831e-4,0.019709316260276177,1.0803505890410236e-4,3.157734240975948e-4,6.298804976722471e-4,4.721326481670283e-5,0.41497876930571226,8.470615158290802e-5,8.05402752755519e-6,1.1636681151881462e-4,0.0014069552915377443,0.0015211003023593024,1.2219903834911322e-4,5.693364286720047e-5,1.7052320351444434e-4,0.003046366481025961,2.838350390745311e-4,5.901658102087854e-4,2.2329097007428868e-4,1.3747391814275235e-4,0.003631255514578762,0.00160108512746054,0.5104242722838972,0.003540717136165555,6.359904495897029e-5,6.387677004612736e-6,2.4995257844136793e-5,2.2440187042291698e-4,2.9161134151492924e-5,1.9440756100995285e-6,7.887392475260944e-5,1.0692415855547406e-4,1.971848118815236e-5,5.196236380708882e-4,0.026011176212957374,0.00331048303891234,0.0010034207398985136,5.576719750114076e-4,9.720378050497642e-6,0.0011556140876605911,0.0012417088646792846,3.0716394639572546e-4,6.36545899764017e-4,0.0011542254622248058,4.165876307356132e-6
ShotgunWGS-ControlPig8GutMicrobiome-Day14,8,Control,Day 14,Control Day 14,6.026486707420037e-4,0.02480704800603842,8.814618271428948e-5,4.2337289605232575e-4,3.27090142625948e-4,2.3324836041319676e-5,0.35760743595773,5.559989986593644e-5,9.22144680703336e-6,1.3994901624791805e-4,0.0012527606706378557,0.0018141840497719454,8.35354593107728e-5,6.156671838813449e-5,1.5188265329231417e-4,0.0024331058619381256,3.39837436741553e-4,5.70373606917387e-4,2.8966191735034204e-4,1.9826110635121725e-4,0.003208792269823873,0.0013631468132985197,0.565313744810563,0.00378133562893115,4.8276986225057e-5,2.9834092610990284e-6,1.2204856068132388e-5,2.1778887606022906e-4,2.9020435539781456e-5,2.1697521898902025e-6,3.227506382461676e-5,1.3940657820044552e-4,1.1662418020659838e-5,3.238355143411127e-4,0.025974645903223084,0.002775926707940778,9.809992088541078e-4,7.225274792334374e-4,1.274729411560494e-5,0.0012771703827741203,8.291165555617936e-4,2.931877646589136e-4,4.5402064573452485e-4,9.028881300180605e-4,8.950227783297084e-6
ShotgunWGS-TomatoPig11GutMicrobiome-Day0,11,Tomato,Day 0,Tomato Day 0,8.853636457086391e-4,0.028385106658133572,1.666274277035922e-4,5.707611142981255e-4,5.728335947422001e-4,5.637146807882721e-5,0.31984590693402215,1.0569650264780101e-4,1.657984355259624e-5,2.1926843098308524e-4,0.0015539458369670824,0.0025889425707379026,1.8735223214433748e-4,1.1108495180239479e-4,2.2714385667056846e-4,0.004271796691326421,4.928358496009232e-4,8.600793842909298e-4,3.6558555033474704e-4,3.195764844762925e-4,0.005783049431145567,0.0015754996335854575,0.5223081795000183,0.004983900971910429,9.947906131557743e-5,4.973953065778871e-6,2.6942245772968885e-5,4.67137092094399e-4,2.0724804440745296e-5,1.6579843552596238e-6,9.947906131557743e-5,2.022740913416741e-4,1.1605890486817366e-5,7.734497017286145e-4,0.08802114593246699,0.0050485623617655545,0.0020061610698641446,9.483670512085048e-4,3.108720666111794e-5,0.0018237827907855862,0.0014536377834738752,3.904553156636414e-4,6.818460661005203e-4,0.0013052481836781388,1.247633227332867e-4
ShotgunWGS-TomatoPig19GutMicrobiome-Day0,19,Tomato,Day 0,Tomato Day 0,7.170831460929812e-4,0.07383894390753076,5.083931080381572e-5,4.4973236480298523e-4,3.878719446640766e-4,3.270780834930802e-5,0.35031129301076797,6.648217566652824e-5,1.3154227270917355e-5,1.7171599383386708e-4,0.001217654821699782,0.0020417493842399556,1.0772245575913402e-4,8.283607984118225e-5,1.781153476413404e-4,0.003585771250120877,3.7827291395286665e-4,6.804646215279951e-4,2.6983941888179114e-4,2.0726795943094102e-4,0.0040721221394888485,0.0015244682848025303,0.5104576106803793,0.0041414484724031425,8.176952087327004e-5,4.621755527619611e-6,1.8842541766449184e-5,2.7019493853776185e-4,2.1331179358244358e-5,2.4886375917951753e-6,4.692859458813759e-5,1.5038481447562273e-4,1.1021109335092919e-5,5.887405502875443e-4,0.0344381225149176,0.003474849117458006,0.0012720493290633052,7.021513205422101e-4,2.3464297294068796e-5,0.0013922149727814152,0.0013243107184910039,2.865488427124159e-4,4.475992468671608e-4,4.522210023947804e-4,3.555196559707393e-6
ShotgunWGS-TomatoPig17GutMicrobiome-Day14,17,Tomato,Day 14,Tomato Day 14,7.100806824928589e-4,0.022126317917391117,1.2485868460101703e-4,5.376567847105019e-4,0.0010914517667503872,4.4167697954101265e-5,0.36939739121793275,9.597980516948929e-5,9.343166874906038e-6,1.4184626073720984e-4,0.0013590060908954236,0.002107308819694716,1.1891303295334957e-4,8.069098664691578e-5,2.0639905005474246e-4,0.002494625555599912,4.1109934249586565e-4,6.285403170391335e-4,3.0407761283785103e-4,1.9620650437302678e-4,0.0035427590032030077,0.0014575340324853418,0.5459857932900773,0.004101650258083751,4.501707676091091e-5,4.246894034048199e-6,5.945651647667478e-6,2.4547047516798587e-4,1.6138197329383157e-5,8.493788068096398e-7,7.814285022648686e-5,1.4014750312359056e-4,1.6138197329383157e-5,3.6608226573495476e-4,0.03241993967711714,0.003090889477980279,0.001200172254022021,9.716893549902279e-4,1.6987576136192795e-5,0.0013691986365771394,8.850527166956447e-4,5.860713766986514e-4,4.0515369084819815e-4,8.383368823211145e-4,2.4631985397479555e-5
ShotgunWGS-ControlPig9GutMicrobiome-Day14,9,Control,Day 14,Control Day 14,6.513707588893281e-4,0.04291540783614983,4.513710082655757e-5,4.1022392740158677e-4,3.5561052916392873e-4,2.718201099499876e-5,0.32677939304315085,5.660840821894237e-5,8.229416172797789e-6,1.3765568870861757e-4,0.0010970061134587114,0.0017695738533991853,9.12717066437573e-5,7.157098307857472e-5,1.6758083842788226e-4,0.0022710694874445293,3.945132237989728e-4,6.466326101837778e-4,2.7356574368361136e-4,1.8054840330623028e-4,0.0032937614791004,0.0012024922662191193,0.579342419772544,0.0036062299174190555,4.887774454146566e-5,2.7431387242659297e-6,1.1471307392384798e-5,1.7780526458196437e-4,1.2718188630687494e-5,1.2468812383026955e-6,2.7930139737980378e-5,1.518701348252683e-4,1.2967564878348032e-5,3.102240520897106e-4,0.02557752421755085,0.0028715674918111077,0.0010408964577350902,6.039892718338256e-4,1.620945609793504e-5,0.0011877790676071477,8.017446362286331e-4,3.246878744540219e-4,3.1072280458503167e-4,6.995003746878121e-4,1.1970059887705876e-5
ShotgunWGS-ControlPig10GutMicrobiome-Day14,10,Control,Day 14,Control Day 14,6.824734678854058e-4,0.0391978125063902,7.98775126270372e-5,4.907674375805166e-4,4.099313948019549e-4,3.259002515183118e-5,0.38304909719240127,7.923849252602089e-5,9.265791464736315e-6,3.175929902050999e-4,0.0013901882297609554,0.0021634025519906754,1.1470410813242541e-4,7.923849252602089e-5,2.0927908308283744e-4,0.002461505429114778,3.898022616199415e-4,6.911002392491258e-4,3.22066130912214e-4,2.4474469868924196e-4,0.004296451649183077,0.0014448244483978487,0.5129836104124491,0.004257471423021082,6.038739954604012e-5,8.307261313211868e-6,2.2685213586078562e-5,2.61998241416682e-4,4.441189702063268e-5,9.585301515244464e-7,5.23996482833364e-5,1.7285493732490848e-4,1.0224321616260761e-5,4.0322168374128375e-4,0.03336643457456598,0.003372109073063002,0.0014911534057215304,7.818410935934401e-4,1.7573052777948183e-5,0.0014643145614788458,9.86008015868147e-4,3.75743819397583e-4,4.591359425802098e-4,0.0012438526266282232,6.390201010162975e-6
ShotgunWGS-TomatoPig19GutMicrobiome-Day7,19,Tomato,Day 7,Tomato Day 7,7.217305111242509e-4,0.0517911166230428,1.1123919804483866e-4,5.124948767065782e-4,4.277412020057487e-4,3.840400884881335e-5,0.3309015208649642,9.799643637283407e-5,1.5229175922805294e-5,1.75466592154061e-4,0.0013553966571296712,0.0019857521127170904,1.0461781720883636e-4,6.35652560256221e-5,2.1453273908647458e-4,0.0027008612430053387,4.019178167453397e-4,7.36297548963456e-4,3.125291754593086e-4,2.4631536709928564e-4,0.004469432064301553,0.0014229347416568946,0.5539288294259461,0.00448730979255876,5.098463243721772e-5,4.6349665852016115e-6,1.2580623588404373e-5,3.2378552288051253e-4,1.7877728257206213e-5,1.3242761672004603e-6,6.886236069442393e-5,1.6950734940165892e-4,1.4567037839205064e-5,4.303897543401496e-4,0.031058248949352395,0.0039820984347717844,0.00132361402911686,9.75329397143139e-4,1.6553452090005754e-5,0.0014427988841649016,8.991835175291126e-4,8.236997759986863e-4,4.899821818641703e-4,6.6147594551663e-4,7.945657003202762e-6
ShotgunWGS-ControlPig5GutMicrobiome-Day14,5,Control,Day 14,Control Day 14,7.302660712092127e-4,0.07157583716883464,7.21317396738398e-5,4.6451755662138186e-4,4.032326950939841e-4,2.9828914902715707e-5,0.3026555598250073,7.538580311777242e-5,7.321642748848401e-6,1.6405903196493638e-4,0.0013482669536027498,0.0022176442370400824,9.97912789472671e-5,7.26740835811619e-5,2.3537725577779304e-4,0.002394177178873427,3.742172960522516e-4,7.324354468385011e-4,3.1916938945905805e-4,2.2914030084358883e-4,0.004285601555659263,0.003863657995762667,0.5623881246208677,0.004339564774437813,5.5590250500515636e-5,4.881095165898934e-6,2.738836731976624e-5,3.305586115128222e-4,2.169375629288415e-5,1.8982036756273632e-6,4.3658684539429353e-5,1.442634793476796e-4,1.1660394007425231e-5,4.1706246473069777e-4,0.029961789160009623,0.0035469291538865583,0.001532121538184943,9.30390973011069e-4,2.2507272153867306e-5,0.0014404654178475076,9.011044020156753e-4,4.658734163896871e-4,5.098032728827775e-4,5.412592195074595e-4,1.0846878146442075e-5
ShotgunWGS-ControlPig2GutMicrobiome-Day7,2,Control,Day 7,Control Day 7,0.0011248375645753787,0.0332820359165239,1.914197259014241e-4,7.791637983856936e-4,6.643777428193757e-4,7.334467160827763e-5,0.27250998951138306,1.082080581126607e-4,1.2498195161948652e-5,3.4929166478919657e-4,0.0022009979479936945,0.0036231609974743777,1.8517062832044978e-4,1.4800494270728666e-4,3.6639445816870526e-4,0.003814580723375802,6.670089418008387e-4,0.0013590142739255745,4.8775851118868034e-4,5.463026885262292e-4,0.007517335490039432,0.0017326445292933027,0.5845662419144078,0.006521097775683051,1.1314155620290359e-4,1.1182595671217215e-5,2.762758930536018e-5,0.0013211907885670457,4.0125784467308833e-5,2.631198981462874e-6,6.775337377266901e-5,2.7660479292628465e-4,1.808949299755726e-5,0.0010672800868558783,0.05431189377586592,0.008740514116546985,0.0030025269377218222,0.0012317300231973081,3.3876686886334506e-5,0.002652248573314577,0.0016112804762733277,7.574564067886249e-4,7.732436006774022e-4,0.0010863562794714843,1.907619261560584e-5
ShotgunWGS-ControlPig6GutMicrobiome-Day7,6,Control,Day 7,Control Day 7,6.74352335705739e-4,0.04848368103864867,3.499572139267147e-5,4.2086158857447515e-4,2.976157871481104e-4,1.825863724835033e-5,0.46860062152401194,6.086212416116777e-5,9.129318624175165e-6,1.2902770322167567e-4,0.0012494994090287744,0.0016146721539957811,6.846988968131374e-5,8.06423145135473e-5,1.1959407397669468e-4,0.0026420248098362933,3.508701457891322e-4,5.739298308398121e-4,2.498390196815937e-4,1.573285909566187e-4,0.0030166311840482806,0.0013404882846497202,0.4298968752168213,0.00346792383470334,6.238367726519697e-5,3.0431062080583887e-6,1.1868114211427715e-5,1.8076050875866827e-4,1.2172424832233555e-5,1.2172424832233554e-6,4.2299176292011604e-5,1.6584928833918218e-4,1.2172424832233555e-5,4.8263664459806047e-4,0.027971927953851904,0.0025087367579233358,9.737939865786843e-4,7.766007042965008e-4,1.4606909798680265e-5,0.0012135907557736855,9.747069184411019e-4,3.4508824399382125e-4,3.453925546146271e-4,3.374804784736753e-4,5.173280553699261e-6
ShotgunWGS-TomatoPig12GutMicrobiome-Day0,12,Tomato,Day 0,Tomato Day 0,7.758249195253369e-4,0.028272780909356462,7.989622889799601e-5,4.573245681265383e-4,4.699778170470354e-4,2.56680192387227e-5,0.35860753526279715,5.856646643201518e-5,5.061299568198843e-6,1.5147746564823678e-4,0.0011691602002539326,0.001928355135483759,1.2617096780724257e-4,5.9289509227472155e-5,1.3014770318225594e-4,0.002801429310998059,3.3476881429658057e-4,6.539922084908362e-4,2.72948655285009e-4,1.8076069886424439e-4,0.003218263482579007,0.0016102163054826889,0.5389264549790173,0.004195455820639112,6.905058696614135e-5,4.338256772741865e-6,1.4822377306868039e-5,2.4836520023947177e-4,1.2653248920497107e-5,7.230427954569775e-7,7.808862190935357e-5,1.5003138005732284e-4,9.399556340940707e-6,4.464789261946836e-4,0.045615323879789796,0.0031987413271016684,0.0011232469827424146,6.323009246271268e-4,1.5545420102325016e-5,0.0012454412151746439,0.0011246930683333285,3.2645382214882535e-4,4.378024126491999e-4,7.002669474000827e-4,3.3983011386477945e-5
ShotgunWGS-TomatoPig14GutMicrobiome-Day0,14,Tomato,Day 0,Tomato Day 0,7.908904973210206e-4,0.0836020956437276,3.1549183772915026e-4,6.32064126957373e-4,5.218580740519849e-4,4.105715696475243e-5,0.3128663405864042,1.1884966489796756e-4,1.1884966489796757e-5,2.506647477848043e-4,0.0017103547230316605,0.0029571957529612473,2.7227377776625295e-4,1.0264289241188107e-4,2.268948148052108e-4,0.0029744829769464062,5.186167195547675e-4,0.00085355668426722155,3.5546854319483027e-4,3.1549183772915026e-4,0.005185086744048603,0.0019145600563563502,0.5076112405852158,0.00538821162587422,6.0505283948056214e-5,1.0804514990724324e-5,2.0528578482376216e-5,4.916054320779567e-4,2.5930835977738376e-5,1.0804514990724323e-6,3.1225048323193296e-4,2.571474567792389e-4,1.5126320987014053e-5,7.51994243354413e-4,0.05585394024454939,0.004681596345480849,0.0019696630828090443,9.432341586902335e-4,2.3769932979593514e-5,0.0017125156260298054,0.0013300357953581643,5.326625890427092e-4,7.022934743970811e-4,7.411897283636887e-4,2.3769932979593514e-5
ShotgunWGS-ControlPig7GutMicrobiome-Day14,7,Control,Day 14,Control Day 14,6.515787071976411e-4,0.04454773730753512,1.009179142460993e-4,4.1840191154826883e-4,3.444372290573389e-4,2.068503832373464e-5,0.35813417193403857,6.86367180742104e-5,8.775470804008634e-6,2.2596837320322234e-4,0.0013169474399444387,0.0017632428122625922,9.74704078588102e-5,7.459150183407339e-5,1.6391325823201844e-4,0.0021719290239921372,3.4192995168476505e-4,6.274461624866174e-4,2.779943786841307e-4,1.864787545851835e-4,0.0033331118571654226,0.004783571817199421,0.5409808218353772,0.003835507560694917,4.638463139261707e-5,3.4475063872891068e-6,1.5043664235443375e-5,2.2189404747278976e-4,2.2565496353165063e-5,1.567048357858685e-6,5.4219873181910495e-5,1.416611715504251e-4,5.954783759863002e-6,3.745245575282257e-4,0.025601182432008904,0.0033666466920235986,0.0012147758870120525,6.619212263595085e-4,1.4730254563871638e-5,0.0012896807985176976,8.753532126998614e-4,3.804793412880887e-4,4.597719881957381e-4,7.662866469928969e-4,4.074325730432581e-6
ShotgunWGS-TomatoPig11GutMicrobiome-Day14,11,Tomato,Day 14,Tomato Day 14,7.412638157920404e-4,0.033717099915860055,2.3408331025011802e-4,5.52696704757223e-4,0.0010611776731338683,6.372267890142101e-5,0.4078316472832681,1.4435137465423944e-4,1.3004628347228779e-5,1.755624826875885e-4,0.0014448142093771174,0.0018791687961745584,1.469523003236852e-4,7.282591874448116e-5,1.8596618536537155e-4,0.0028050983344972474,4.2525134695438105e-4,6.541328058656076e-4,0.00028870274930847887,2.87402286473756e-4,0.0037765440720352373,0.001533245682138273,0.47452978515053507,0.004507404185149494,5.722036472780663e-5,1.300462834722878e-6,1.17041655125059e-5,2.8610182363903315e-4,4.1614810711132095e-5,2.600925669445756e-6,1.651587800098055e-4,1.4825276315840808e-4,3.381203370279482e-5,4.5126060364883864e-4,0.04986364647177931,0.003864975544796393,0.001534546144972996,9.05122132967123e-4,1.17041655125059e-5,0.0014604197633937919,0.0010871869298283258,7.828786265031725e-4,0.0013043642232270466,8.999202816282315e-4,7.802777008337267e-6
ShotgunWGS-TomatoPig20GutMicrobiome-Day0,20,Tomato,Day 0,Tomato Day 0,0.0010163211640659754,0.033750331990024265,1.7062026014861642e-4,6.306782628144038e-4,6.923482363620965e-4,7.523736772818507e-5,0.35886374307137847,1.2046201499649303e-4,1.6034193122400097e-5,2.80803946220494e-4,0.0017016801367593334,0.0027603480159947244,1.9487711641070886e-4,1.2087314815347765e-4,2.80803946220494e-4,0.003913576521336577,5.566742945571725e-4,8.876364859297899e-4,4.218226190662179e-4,3.3219559084357125e-4,0.0059774649693993594,0.0033379901015581125,0.4997352302469019,0.0052448256836527705,9.003816137963132e-5,1.3156261023507771e-5,2.6312522047015542e-5,6.384897927971115e-4,3.0423853616861722e-5,3.7001984128615607e-6,9.168269400756979e-5,2.0926677690517048e-4,2.466798941907707e-5,8.107545855736664e-4,0.06242686968970136,0.005316773986125079,0.0020531989859811817,9.505398589484365e-4,1.8500992064307805e-5,0.0019347926367696117,0.0018155640212440725,5.1103851413188e-4,9.410837963377903e-4,9.456062610646211e-4,5.8792041448800354e-5
ShotgunWGS-ControlPig9GutMicrobiome-Day0,9,Control,Day 0,Control Day 0,7.698380609470302e-4,0.042346841987264856,2.0695086641513193e-4,5.197724306954124e-4,5.54264241764601e-4,5.173771660378298e-5,0.34283327233392674,8.766668646752117e-5,7.185793972747637e-6,0.002755033409151444,0.0013197908263279825,0.002174421256153435,1.4898546170163433e-4,7.664846904264145e-5,0.00022898730126489137,0.00265682755819056,3.9138624504898796e-4,7.204956090008297e-4,3.377323167191389e-4,2.89827023567488e-4,0.004573039284256596,0.0015578801332916876,0.5423434886167442,0.0049150830773593834,5.7965404713497603e-05,8.622952767297164e-6,2.6826964164924512e-5,2.821621766632239e-4,2.9222228822507057e-5,9.581058630330182e-7,9.916395682391739e-5,1.8108200811324044e-4,1.58087467400448e-5,4.412077499267049e-4,0.03452869814491543,0.004802505638453004,0.0016158455380051852,0.001022778008787747,1.724590553459433e-5,0.001659918407704704,9.95471991691306e-4,5.427669714082048e-4,8.963080348673886e-4,8.766668646752117e-4,3.0180334685540074e-5
ShotgunWGS-TomatoPig11GutMicrobiome-Day7,11,Tomato,Day 7,Tomato Day 7,7.452144099805118e-4,0.046779628304208315,2.5734022790693936e-4,4.020941061045927e-4,8.202719764533691e-4,4.557066535852051e-5,0.42208622506011306,1.8228266143408204e-4,8.041882122091855e-6,1.4475387819765337e-4,0.0013671199607556152,0.001796020340600514,1.2330885920540843e-4,7.237693909882668e-5,1.9568579830423513e-4,0.0024527740472380156,3.672459502421947e-4,6.513924518894402e-4,2.7610461952515367e-4,2.0372768042632697e-4,0.004339935718555571,0.001544041367441636,0.4650030693183433,0.004007537924175774,2.94869011143368e-5,5.361254748061237e-6,1.8764391618214327e-5,1.7960203406005142e-4,3.216752848836742e-5,0,1.340313687015309e-4,1.501151329457146e-4,1.608376424418371e-5,3.967328513565315e-4,0.035078689816564666,0.0030291089326545985,0.001369800588129646,6.916018624998994e-4,1.340313687015309e-5,0.00121432420043587,9.167745619184714e-4,9.328583261626551e-4,5.227223379359705e-4,0.001369800588129646,2.4125646366275563e-5
ShotgunWGS-TomatoPig13GutMicrobiome-Day7,13,Tomato,Day 7,Tomato Day 7,9.103706946707727e-4,0.04651580444906435,1.299347264211921e-4,8.143679668691276e-4,5.892581223687183e-4,5.7932680569958266e-5,0.21584144321893836,1.3407277503333197e-4,1.8207413893415455e-5,3.3849237647304184e-4,0.0016469433476316707,0.004076805492680206,1.4234887225761172e-4,1.3076233614362008e-4,3.302162792487621e-4,0.0038574889162367922,6.372594862695408e-4,0.001161136440566449,5.727059279201589e-4,5.189112959623404e-4,0.009188950748117809,0.0018000511462808462,0.6337661456311724,0.0069171620600530165,8.855424029979335e-5,7.4484875018517765e-6,2.8138730562551156e-5,6.413975348816808e-4,2.4000681950411282e-5,3.3104388897119007e-6,7.03468264063779e-5,2.9628428062921514e-4,1.5724584726131528e-5,8.00298601587852e-4,0.050425432777814104,0.005988583951488828,0.002709594231229191,0.0020152296741121197,2.8138730562551156e-5,0.0024248964867139675,0.0013192098975501924,0.0011925856100187123,7.547800668543134e-4,0.0010163047391415535,4.965658334567851e-5
ShotgunWGS-TomatoPig17GutMicrobiome-Day0,17,Tomato,Day 0,Tomato Day 0,6.415427254312136e-4,0.03062031677917623,7.023291040252083e-5,3.2036064394132306e-4,2.8052092283579956e-4,1.683946974563365e-5,0.4882821933696847,4.066115865409101e-5,4.5179065171212225e-6,1.2034060086513803e-4,0.0013101928899651547,0.0015931781254466568,9.610819318239693e-5,5.5447034528305914e-5,1.1623341312230055e-4,0.0016843576933376486,2.4273479560169478e-4,4.973804356576182e-4,1.7578763539344394e-4,1.2403706983369175e-4,0.002481152115448119,0.0011771200070972204,0.4206060073370802,0.0030672478063510267,3.450037703983479e-5,8.214375485674951e-7,8.21437548567495e-6,1.1828700699371928e-4,1.4375157099931163e-5,0,4.969697168833345e-5,1.363586330622042e-4,9.446531808526192e-6,2.5341348373307223e-4,0.039138213439046866,0.002394901172848532,8.070623914675639e-4,4.6534437126348596e-4,5.750062839972466e-6,9.208314919441619e-4,8.715452390301123e-4,2.9694967380714947e-4,3.051640492928244e-4,4.702729965548909e-4,7.351866059679081e-5
ShotgunWGS-TomatoPig19GutMicrobiome-Day14,19,Tomato,Day 14,Tomato Day 14,6.991479534157261e-4,0.043828808368572524,1.6633323859040805e-4,0.00050356931023799365,4.359393121298057e-4,3.0159323480678384e-5,0.33193899774170643,1.1332594277588242e-4,1.0967026720246685e-5,1.626775630169925e-4,0.0012877117207356315,0.0021047552113940098,1.1880945613600575e-4,9.687540269551239e-5,2.3487715559194984e-4,0.0025891322248715715,4.5513160889023744e-4,6.625911976815706e-4,2.9976539702007606e-4,2.3213539891188815e-4,0.004387724606992028,0.0014969991473136725,0.5539838181520743,0.0044736329829672935,5.300729581452564e-5,1.8278377867077809e-6,1.6450540080370027e-5,2.778313435795827e-4,1.7364458973723917e-5,7.3113511468311236e-6,6.397432253477234e-5,1.5536621187016138e-4,1.1880945613600575e-5,4.012103941823579e-4,0.03796510474881396,0.0034372489579039818,0.0013069040174960632,9.130049744605365e-4,2.102013454713948e-5,0.0014238856358453613,8.865013265532737e-4,0.0010903052397711914,5.008275535579319e-4,0.0011259480766119929,8.225270040185014e-6
ShotgunWGS-TomatoPig13GutMicrobiome-Day0,13,Tomato,Day 0,Tomato Day 0,7.629816146607162e-4,0.04352456944164222,9.790781489688384e-5,5.185617481859954e-4,4.689084992025758e-4,4.895390744844192e-5,0.375932440810355,9.231308261706191e-5,1.5385513769510316e-5,2.0910311895834478e-4,0.0014203626575397933,0.002387202329646521,1.391689654605706e-4,9.301242415203965e-5,0.00024896558645207605,0.002613089645444332,4.563203515729765e-4,7.955009960371812e-4,3.587622074435815e-4,2.905764077832517e-4,0.005194359251047177,0.0022343962042538847,0.5041909789837379,0.00481531613908924,7.028382426526304e-5,4.1960492098664506e-6,2.4826624491709832e-5,3.6435693972340346e-4,1.713386760695467e-5,1.3986830699554834e-6,6.923481196279643e-5,1.8567517753659044e-4,2.1329916816821123e-5,4.979311729041521e-4,0.04000723119147167,0.004904132514031414,0.0017612916558414425,8.612391003250889e-4,2.2029258351798863e-5,0.0016689785732243805,0.0011346816405013859,4.4338253317588824e-4,5.108689913012404e-4,5.112186620687292e-4,9.091439954710643e-6
ShotgunWGS-ControlPig2GutMicrobiome-Day14,2,Control,Day 14,Control Day 14,7.647710040370444e-4,0.02675159323463675,7.466223379754865e-5,4.936896628644062e-4,4.826626252573837e-4,3.537841232253074e-5,0.24635068230943843,7.925683280047471e-5,9.418927955998445e-6,1.8906774897040779e-4,0.0013430012885552905,0.002283056244553964,1.3852715993822103e-4,9.166225010837511e-5,2.095137145334288e-4,0.0027032323233715534,4.3510852557709885e-4,7.822304802481635e-4,3.485003343719424e-4,2.6901377162132144e-4,0.004328801450606797,0.0016170691190798305,0.658247523453705,0.004376125820336935,6.593249569198912e-5,3.675679202340856e-6,1.7459476211119068e-5,4.51878811937779e-4,1.906758586214319e-5,2.527029451609339e-6,5.559464793540545e-5,1.7987855096455565e-4,1.1256767557168872e-5,5.06324810122453e-4,0.034587681834127165,0.004202909437926623,0.001613623169827636,8.240413311747907e-4,2.4121644765361868e-5,0.0016108664104258802,0.0011089064693562071,4.6658152874714246e-4,0.00050931129947435485,0.0013172715341389044,1.4702716809363425e-5
ShotgunWGS-ControlPig1GutMicrobiome-Day7,1,Control,Day 7,Control Day 7,6.641415451668136e-4,0.01931856310209447,5.396150054480361e-5,4.2684930559158755e-4,4.0125218353828326e-4,3.113163492969439e-5,0.2958733288365416,7.782908732423598e-5,8.993583424133935e-6,1.546204534841488e-4,0.0011473737006866254,0.001841263252564036,8.820629896746744e-5,7.54077379408153e-5,2.0062609176914163e-4,0.002175409467476089,3.8049776025182036e-4,6.496134488662897e-4,2.746502014908594e-4,2.0166381293346478e-4,0.004269184870025424,0.0014614573064217645,0.6202974800671059,0.004297203341462149,4.150884657292585e-5,3.459070547743821e-6,1.8678980957816634e-5,2.5873847697123784e-4,1.9370795067365398e-5,1.0377211643231464e-6,4.4622010065895295e-5,1.3144468081426522e-4,1.0723118698005845e-5,3.7600096853975337e-4,0.03507497535412235,0.003435548868019163,0.0013462702571818952,9.073142046732043e-4,2.455940088898113e-5,0.0013867413825904978,8.879434096058389e-4,6.20903163320016e-4,4.358428890157215e-4,5.842370155139314e-4,1.7295352738719106e-5
ShotgunWGS-TomatoPig15GutMicrobiome-Day7,15,Tomato,Day 7,Tomato Day 7,0.0010099905004856493,0.05190577335653065,2.721770965641644e-4,7.778394475338621e-4,8.392127144061736e-4,9.472830321595918e-5,0.3371847281964798,1.4943056281954125e-4,2.668402907491808e-5,3.1753994599152517e-4,0.0021560695492533807,0.0033995453041445636,2.5616667911921356e-4,1.4142535409706583e-4,3.295477590752383e-4,0.0037731217111934166,6.350798919830503e-4,0.0011914418981950922,5.123333582384271e-4,4.1627085356872205e-4,0.009578232236441844,0.0015903681328651176,0.48148928903072935,0.006085292830535068,1.0673611629967231e-4,6.67100726872952e-6,2.5349827621172177e-5,0.0011700946749351579,3.6023439251139405e-5,2.668402907491808e-6,2.2681424713680368e-4,2.401562616742627e-4,2.4015626167426273e-5,9.059227870934688e-4,0.07475130484902176,0.006823106234456553,0.0026030270362582585,0.0014822978151116993,3.2020834889901694e-5,0.002334852544055332,0.001639733586653716,0.0010233325150231084,0.0010500165440980264,0.0013462092668296171,3.068663343615579e-5
ShotgunWGS-TomatoPig15GutMicrobiome-Day0,15,Tomato,Day 0,Tomato Day 0,9.291213166976374e-4,0.054858752578231834,1.4595916609879428e-4,6.381152292881662e-4,6.627458385673378e-4,7.754080698998446e-5,0.32689197288443594,1.322754942770323e-4,1.505203900393816e-5,2.385520120927169e-4,0.0016219712332728516,0.0026623864141208193,1.988693638096072e-4,1.163112104849767e-4,3.480213866668126e-4,0.0031171404409973754,6.043621721278201e-4,9.665233530104534e-4,4.241938264746209e-4,3.594244465182809e-4,0.006857344072278979,0.0016830916340767215,0.5242793950357463,0.00561212993649864,6.294489038010504e-5,8.210203093057179e-6,3.329693476628745e-5,6.445009428049885e-4,2.4630609279171535e-5,3.648979152469857e-6,1.0810100739191952e-4,2.3353466575807086e-4,2.143775252076041e-5,5.961519690347629e-4,0.04973604197055821,0.006313646178560971,0.0022696650328362512,9.259284599392263e-4,1.8701018156408017e-5,0.002098163012670168,0.0013464733072613773,6.390274740762838e-4,7.909162312978416e-4,6.773417551772172e-4,3.192856758411125e-6
ShotgunWGS-TomatoPig12GutMicrobiome-Day7,12,Tomato,Day 7,Tomato Day 7,7.401988756384866e-4,0.0504197546868652,1.2442748886808025e-4,5.306977083350213e-4,0.001182929243006307,5.150719306632159e-5,0.29865201624617893,1.2789988390625922e-4,1.1574650127263278e-5,1.620451017816859e-4,0.0013426594147625402,0.0022373798695999917,1.44683126590791e-4,9.375466603083255e-5,2.066075047716495e-4,0.002649437414130564,4.83820375319605e-4,8.223788915420559e-4,3.206178085251928e-4,2.563785003188816e-4,0.004227640958982913,0.0015845696024223428,0.5652879715078413,0.004776279375015192,6.134564567449537e-5,6.944790076357967e-6,1.3889580152715934e-5,4.004828944033094e-4,2.2570567748163392e-5,5.787325063631639e-7,8.044381838447979e-5,1.7188355438985968e-4,2.4885497773616047e-5,4.213172646323833e-4,0.05072821911275677,0.0037067817032560646,0.001613506227740501,9.277082077001517e-4,1.3889580152715934e-5,0.0015741524173078058,0.0010237778037564369,8.073318463766137e-4,9.977348409700947e-4,8.952991873438145e-4,6.88691682572165e-5
ShotgunWGS-TomatoPig14GutMicrobiome-Day14,14,Tomato,Day 14,Tomato Day 14,5.802409542624818e-4,0.03677314370169842,6.867345770859563e-5,4.4189877134226754e-4,3.383909510278625e-4,2.189588506650875e-5,0.3994715129558947,5.673024767231813e-5,7.962140024185e-6,1.5824753298067688e-4,0.0013157436389965712,0.00179944364546581,8.459773775696563e-5,7.564033022975751e-5,1.313753103990525e-4,0.0023130016770257426,3.493388935611169e-4,5.513781966748112e-4,2.7170802832531313e-4,1.821339530532319e-4,0.0033072739125458443,0.001360530676632612,0.5026946867644351,0.0035003558081323307,4.6777572642086876e-5,9.95267503023125e-7,1.0947942533254375e-5,2.0900617563485627e-4,1.19432100362775e-5,1.99053500604625e-6,5.5734980169295004e-5,1.472995904474225e-4,1.4929012545346876e-5,3.2445720598553874e-4,0.035066259934013765,0.00269120332817453,0.0010380640056531195,7.056446596433956e-4,1.8910082557439377e-5,0.0013356489890570338,7.872565948912919e-4,4.797189364571463e-4,0.00037521584863971816,7.782991873640838e-4,4.080596762394813e-5
ShotgunWGS-TomatoPig20GutMicrobiome-Day14,20,Tomato,Day 14,Tomato Day 14,6.544839407322567e-4,0.0385023929569083,1.3063288333163995e-4,4.935020036973065e-4,6.41288699991687e-4,3.8266198147652104e-5,0.30179758764608783,8.708858888775996e-5,5.278096296227877e-6,1.451476481462666e-4,0.0012179207203545826,0.002017552309233106,8.576906481370299e-5,8.708858888775996e-5,1.9528956296043144e-4,0.0026786338703356474,4.0113531851331864e-4,6.360106036954591e-4,3.0085148888498895e-4,2.2431909258968476e-4,0.0037857145684694446,0.0014250859999815266,0.5989451724551988,0.004202684175871447,3.6946674073595134e-5,5.278096296227877e-6,1.3195240740569691e-5,2.612657666632799e-4,1.583428888868363e-5,0,5.8059059258506645e-5,1.675795574052351e-4,1.0556192592455754e-5,3.351591148104702e-4,0.0311460462440407,0.0034017330629188664,0.0011651397573923038,7.415725296200167e-4,1.71538129627406e-5,0.0013828612296117036,8.444954073964602e-4,6.993477592501937e-4,3.932181740689768e-4,5.924663092515791e-4,1.1875716666512722e-5
ShotgunWGS-ControlPig1GutMicrobiome-Day0,1,Control,Day 0,Control Day 0,6.108046666053732e-4,0.018663246875166205,5.7308031493855464e-5,3.290058210942206e-4,3.7208991671370184e-4,2.7417151757851716e-5,0.33660387657911456,6.575993541920826e-5,7.833471930814776e-6,1.172959349640423e-4,0.001147809781862544,0.001657397745361863,9.152793519162528e-5,5.359743952662742e-5,1.3852876677651393e-4,0.001815510191965414,3.011763813400102e-4,5.45044731186165e-4,2.471666538170241e-4,1.6367833455439295e-4,0.0032467679713245453,0.0014963992827838016,0.5960717611994942,0.0036994601913263674,3.607519968138384e-5,4.741311958124733e-6,1.4842367868912207e-5,1.8717875034683727e-4,3.298303970869379e-5,1.6491519854346897e-6,4.576396759581264e-5,1.121423350095589e-4,1.5666943861629553e-5,3.3436556504688335e-4,0.0235715354718162,0.0029789869176895874,0.0010513343907146146,6.244101704852093e-4,1.6491519854346895e-5,0.0011809989655694171,9.259988398215782e-4,3.512693728975889e-4,3.8590156459171736e-4,5.642161230168432e-4,3.07154557287211e-5
ShotgunWGS-ControlPig4GutMicrobiome-Day14,4,Control,Day 14,Control Day 14,6.680855180927154e-4,0.03501837890674674,4.7458194181625395e-5,4.5465474425932835e-4,3.752081539994803e-4,1.992719755692558e-5,0.34398800382707073,6.135479247790244e-5,4.981799389231395e-6,1.4237458254487618e-4,0.0012672124446397543,0.0022066749294616535,1.0252018743102502e-4,6.974519144923952e-5,1.8563757724083304e-4,0.0025656266854541684,3.5528095644255474e-4,6.56548719507127e-4,2.99170163321738e-4,1.9271697637289869e-4,0.003911236920482354,0.0026490062752318306,0.5619220621083552,0.004075374100359136,6.397679215644528e-5,3.932999517814259e-6,1.5207598135548468e-5,2.349311711974384e-4,2.4122397042594122e-5,1.0487998714171359e-6,3.5134795692474047e-5,1.5653338080900752e-4,9.96359877846279e-6,4.6278294326281114e-4,0.028582156295827638,0.003423020580337677,0.0013096888394321482,6.486827204714985e-4,1.5207598135548468e-5,0.0013151950387570882,9.549322829253021e-4,3.720617543852289e-4,5.868035280578875e-4,5.314793348406336e-4,1.3372198360568482e-5
ShotgunWGS-ControlPig6GutMicrobiome-Day0,6,Control,Day 0,Control Day 0,8.824237446268016e-4,0.049588403186370304,1.2211593469053139e-4,4.1146069714198156e-4,4.8185236650181014e-4,2.4500967788227635e-5,0.46094526289343984,8.555893513349333e-5,9.33370201456291e-6,0.0014638355992839494,0.001519837811371327,0.002100471857527261,1.407833387196572e-4,7.311399911407612e-5,2.0534144432038398e-4,0.0023458704396601446,3.39124506529119e-4,6.833047683161262e-4,2.586213266535139e-4,1.858962317900446e-4,0.0035281393615047793,0.00162600867178698,0.4288439393356038,0.004356894319547844,5.055755257888242e-5,5.8335637591018175e-6,1.827849977851903e-5,2.508432416413782e-4,1.3611648771237574e-5,7.778085012135757e-7,1.0617086041565308e-4,1.3844991321601647e-4,1.4000553021844362e-5,3.9823795262135074e-4,0.02848723635694721,0.003664644753467762,0.0015836181084708401,8.832015531280152e-4,1.9056308279732605e-5,0.0015132264391110116,0.0010846539549423312,3.126790174878574e-4,7.564187674302024e-4,4.5307345195690784e-4,2.022302103155297e-5
ShotgunWGS-TomatoPig16GutMicrobiome-Day0,16,Tomato,Day 0,Tomato Day 0,7.535416457349543e-4,0.04289151258979218,8.061143186932069e-5,3.964368968259346e-4,4.221390924944137e-4,4.011100233111126e-5,0.42657622609209017,7.282288772735734e-5,6.230835313570681e-6,1.5109775635408903e-4,0.0013069177070214504,0.001761379257705012,1.1098675402297776e-4,6.230835313570682e-5,1.9315589472069112e-4,0.002042156274022791,3.43864223867682e-4,6.29703793877737e-4,3.134889017140249e-4,2.2080522642466103e-4,0.00361505276349229,0.0014946216208427672,0.47384762648011547,0.003794968133171643,5.1014964129859956e-5,6.620262520668849e-6,1.752422431941754e-5,2.1691095435367934e-4,1.6745369905221206e-5,1.5577088283926703e-6,5.413038178664529e-5,1.4330921221212569e-4,1.285109783423953e-5,3.8163866295620426e-4,0.028719088241868564,0.0032715779668317057,0.0013867502844765749,6.787716219721061e-4,1.8692505940712045e-5,0.0013680577785358627,9.607169199111795e-4,4.863945816656113e-4,4.599135315829359e-4,5.004139611211454e-4,1.1682816212945027e-4
ShotgunWGS-TomatoPig16GutMicrobiome-Day14,16,Tomato,Day 14,Tomato Day 14,0.0010240957059428888,0.04259460977190368,1.667132544558191e-4,5.552930204806607e-4,9.313379553434105e-4,7.019505450771331e-5,0.35507917626103536,1.416435921316358e-4,2.005572985934666e-5,2.1309212975555825e-4,0.0015806422095397585,0.0025019522999534956,2.231199946852316e-4,7.896943632117747e-5,2.3565482584732324e-4,0.008325634857861282,4.3621212444078987e-4,8.636498670681155e-4,3.133707790522916e-4,3.033429141226182e-4,0.004709336067597838,0.0014452660329891686,0.49801009555301795,0.004365881693756526,2.5069662324183326e-4,7.520898697254998e-6,3.008359478901999e-5,3.6601706993307653e-4,2.3816179207974158e-5,0,1.9428988301242077e-4,2.1058516352313994e-4,2.1309212975555827e-5,0.0012196390720715187,0.059832509586012134,0.004521313600166462,0.001515461087496882,9.714494150621038e-4,2.7576628556601656e-5,0.0015117006381482544,0.002248748710479244,0.0013086363733223695,6.768808827529498e-4,8.623963839519064e-4,8.774381813464164e-6
ShotgunWGS-TomatoPig18GutMicrobiome-Day14,18,Tomato,Day 14,Tomato Day 14,6.182431721399457e-4,0.08153531264688756,1.0698676170365018e-4,4.4460891953893966e-4,7.576767386225717e-4,2.0169635403147164e-5,0.38190152307055514,8.067854161258866e-5,7.892466027318456e-6,1.2189475308858505e-4,0.0011172224132004124,0.001818774948962053,1.0172511768543787e-4,6.664749089735585e-5,1.543415578675609e-4,0.0022765379785465232,3.270988697988649e-4,5.568573252608021e-4,2.3063539613163932e-4,1.7801895594951627e-4,0.0032639731726310326,0.0012215783528949566,0.48240155464041923,0.003411299205140977,4.2970092815400483e-5,1.7538813394041012e-6,1.2277169375828709e-5,1.815267186283245e-4,1.2277169375828709e-5,0,6.577055022765379e-5,1.543415578675609e-4,9.646347366722557e-6,3.025445310472075e-4,0.028641759213138676,0.0025869749756210494,0.0010339130495787177,6.603363242856441e-4,1.7538813394041012e-5,0.0010996835998063714,8.804484323808588e-4,7.190913491556815e-4,2.8675959899257053e-4,5.586112066002062e-4,6.138584687914354e-6
ShotgunWGS-ControlPig7GutMicrobiome-Day7,7,Control,Day 7,Control Day 7,6.843351390664604e-4,0.042114141776572744,1.797060444763384e-4,3.799844980846482e-4,4.895023231695548e-4,3.448903883889323e-5,0.45417284091053484,9.560119537798474e-5,1.2706487993276452e-5,5.294369997198521e-4,0.0014957351580656853,0.0015749994403094574,1.736553359081115e-4,7.74490696733041e-5,1.8273139876045185e-4,0.00211351250288165,2.9527457812947186e-4,6.002302899681067e-4,2.2992692559262152e-4,1.5973870620118968e-4,0.0036745953134841858,0.0015943617077277834,0.44682425535442327,0.0035039653318601873,4.235495997758817e-5,3.6304251409361295e-6,1.0891275422808388e-5,2.2266607531074925e-4,1.7547054847857958e-5,3.025354284113441e-6,1.6820969819670732e-4,1.2948516336005528e-4,1.331155885009914e-5,3.8300985236876164e-4,0.02798452712804933,0.003899076601365403,0.0010939681091354204,6.298787619524184e-4,1.8152125704680648e-5,0.0011841236668020008,0.0010134936851780027,3.703033643754852e-4,5.675564636996815e-4,0.0010407218737350237,1.02862045659857e-5
ShotgunWGS-ControlPig4GutMicrobiome-Day7,4,Control,Day 7,Control Day 7,6.950111266033982e-4,0.060352453100135144,1.086958849772649e-4,5.263450981904009e-4,4.3424809219981195e-4,3.1591414845609006e-5,0.32009867230386013,7.978170867789393e-5,1.3386192731190257e-5,1.9597386158462537e-4,0.001366998001709149,0.0021926583693689643,1.5902796964654026e-4,8.83488720258557e-5,2.0828915889732042e-4,0.0025755034814810055,4.171137655038884e-4,7.624775379685971e-4,3.2555220722254707e-4,2.441641554169103e-4,0.004434577927988709,0.0015570819384920507,0.543930271857511,0.004304999582350787,5.675745718024669e-5,5.889924801723713e-6,2.8914176299370957e-5,3.2394586409480424e-4,1.1779849603447426e-5,1.0708954184952207e-6,1.1886939145296949e-4,1.6813058070374963e-4,1.1779849603447426e-5,5.161715917146963e-4,0.0431999211820972,0.003922154470238745,0.0016197293204740211,7.148226918455597e-4,2.08824606606568e-5,0.0014676621710476999,9.209700599058897e-4,6.029141206128092e-4,5.884570324631237e-4,5.889924801723714e-4,5.354477092476103e-6
ShotgunWGS-TomatoPig13GutMicrobiome-Day14,13,Tomato,Day 14,Tomato Day 14,8.461982376351899e-4,0.054490083334080855,1.0764359206666726e-4,7.684556433648191e-4,4.4851496694444694e-4,5.0831696253703985e-5,0.24128311161743468,1.0166339250740797e-4,1.6445548787963053e-5,2.332277828111124e-4,0.0018553569132601954,0.002961693831723165,1.3604953997314892e-4,1.1810894129537102e-4,2.4070303226018654e-4,0.003517852390734279,5.636338084601884e-4,9.04505183337968e-4,4.216040689277801e-4,4.3655456782592833e-4,0.006569249215846333,0.001512990488492601,0.6184946641669432,0.0054255360501379935,6.42871452620374e-5,5.980199559259293e-6,2.5415848126851992e-5,5.277526111046325e-4,1.1960399118518585e-5,5.980199559259293e-6,8.671289360925974e-5,1.9136638589629736e-4,5.980199559259293e-6,6.623071011879666e-4,0.042390644575809495,0.004840971543220397,0.0021528718413333452,0.0014412280937814894,3.438614746574093e-5,0.0021319411428759377,0.0012872379551305626,9.777626279388943e-4,6.129704548240775e-4,0.0010046735259555612,3.139604768611129e-5
ShotgunWGS-ControlPig8GutMicrobiome-Day7,8,Control,Day 7,Control Day 7,6.372333106748456e-4,0.046681665451632146,1.1084868450763537e-4,3.844513899193385e-4,3.2198903595075036e-4,2.4046540025465873e-5,0.3752321810739654,6.0702851039895554e-5,5.571759274193312e-6,1.3548172550933212e-4,0.0012345845549659917,0.0018134610185058654,9.765241254244067e-5,6.246235396858818e-5,2.0732809509761428e-4,0.0020360381389854824,3.155375252122107e-4,6.322480523768832e-4,3.0175475227078516e-4,1.7419078994056986e-4,0.0038706131926356593,0.0014703579474108035,0.5242491761127537,0.003914600765852975,4.046856735993037e-5,3.225755369269812e-6,1.3489522453310123e-5,2.0234283679965186e-4,1.9354532215618874e-5,1.7595029286926249e-6,4.2228070288622995e-5,1.4281298771221806e-4,1.1143518548386623e-5,3.551263411077948e-4,0.027113646880665233,0.0029028865818547154,0.0010970500760398515,5.782899625636427e-4,1.847478075127256e-5,0.0012278397937393367,8.316583842953807e-4,4.873823112478571e-4,4.392892311969253e-4,4.659750256154301e-4,3.0791301252120936e-5
ShotgunWGS-TomatoPig15GutMicrobiome-Day14,15,Tomato,Day 14,Tomato Day 14,7.750732267749242e-4,0.03210998981817802,9.802781114354017e-5,5.607190797410497e-4,6.188822476862169e-4,4.509279312602848e-5,0.36649004233494403,7.384761772813359e-5,8.495743632440147e-6,1.7514302257645842e-4,0.0013390599002207587,0.0022990789306864953,1.7514302257645842e-4,7.058002402334892e-5,1.4181356678765478e-4,0.008620565711962923,3.738127198273665e-4,6.790059718542548e-4,2.7774546490669716e-4,2.0389784717856355e-4,0.0030153354707752955,0.00147303124211693,0.5220614856572242,0.0039001998460309844,1.8298524746794163e-4,4.574631186698541e-6,1.764500600583723e-5,2.3592026548545331e-4,1.045629985531095e-5,6.535187409569344e-7,8.626447380631535e-5,1.8102469124507085e-4,1.3723893560095624e-5,0.0010783059225789417,0.04252707854903155,0.0028310431858254398,9.430275432008564e-4,9.253825371950191e-4,1.3070374819138689e-5,0.0013606260186723375,0.002010877165924487,8.698334442136797e-4,4.6465182482038035e-4,6.306455850234417e-4,2.221963719253577e-5
ShotgunWGS-TomatoPig12GutMicrobiome-Day14,12,Tomato,Day 14,Tomato Day 14,8.299418153090979e-4,0.047891045356838,1.8788344125535728e-4,7.618895452481023e-4,8.795016206796055e-4,6.731257147337604e-5,0.2592784092338054,1.5089851187438143e-4,1.553367034000985e-5,2.5223721837825525e-4,0.0016095841266600686,0.0027701712106350906,1.8122615396678161e-4,1.0725629520482993e-4,2.3966234238872344e-4,0.003910046734156766,5.666091181165499e-4,9.70484546956806e-4,4.711880003136322e-4,4.149709076545489e-4,0.004724454879125854,0.0016798554924839226,0.5965321450815222,0.006277821913126839,7.91477488752883e-5,5.177890113336618e-6,2.514975197906357e-5,4.6527041161267607e-4,1.849246469048792e-5,7.396985876195168e-7,1.1983117119436172e-4,2.2264927487347457e-4,2.3670354803824537e-5,5.49596050601301e-4,0.05160063377374987,0.005917588700956135,0.001966858544480295,0.0015296966791971608,2.1451259040965986e-5,0.0020593208679327347,0.0012286393540360174,8.454754856491077e-4,0.0016081047294848295,8.055317619176538e-4,1.3314574577151303e-4
ShotgunWGS-TomatoPig20GutMicrobiome-Day7,20,Tomato,Day 7,Tomato Day 7,6.364758635611542e-4,0.05608792893967942,8.551388969396931e-5,3.845255442614728e-4,3.202466473103012e-4,2.2382830188354385e-5,0.43705230752631274,7.920078374340782e-5,8.608780841674764e-6,1.2626211901122986e-4,0.0011489852830021917,0.0015863113497592697,8.4939970971191e-5,5.567011610949681e-5,1.4347968069457938e-4,0.002035115790971914,3.236901596469711e-4,5.394835994116185e-4,2.3817626995300178e-4,1.4233184324902276e-4,0.002703731103008654,0.001418727082708001,0.45903052501510844,0.0032523974019847256,4.648741654504372e-5,2.2956748911132703e-6,1.0330537010009717e-5,1.342969811301263e-4,1.664364296057121e-5,0,4.533957909948709e-5,1.2454036284289491e-4,1.205229317834467e-5,2.720374745969225e-4,0.024178621871927743,0.0026078866763046753,8.757999709597126e-4,7.524074455623744e-4,1.7217561683349528e-5,0.001205229317834467,8.534171407713582e-4,5.808057474516574e-4,3.1221178519140474e-4,4.321607982520731e-4,1.3200130623901304e-5
ShotgunWGS-ControlPig1GutMicrobiome-Day14,1,Control,Day 14,Control Day 14,7.224025325280953e-4,0.025819896133886088,6.455511992804256e-5,5.28429767410977e-4,4.272934128570436e-4,3.504420796093739e-5,0.32973587118978775,7.808095457963243e-5,7.0703226587856134e-6,1.558545038262742e-4,0.0012449915986122494,0.0022240775841875617,1.380249945128148e-4,8.638089857038076e-5,1.976616291130065e-4,0.002951091196710517,4.5034881283134454e-4,7.439209058374428e-4,3.430643516175976e-4,2.533019943843194e-4,0.003979054630231347,0.001919131493860808,0.5768135223917119,0.004278160019231278,6.025144526617306e-5,5.533295993832219e-6,2.3055399974300915e-5,3.1601268231441787e-4,1.936653597841277e-5,9.222159989720365e-7,5.1644095942434047e-5,1.8290617312945393e-4,1.0759186654673759e-5,4.260637915250809e-4,0.036272599671568144,0.0034444767561605566,0.0014097608570952532,6.802880019083723e-4,1.4448050650561907e-5,0.0015527043369359189,9.775489589103588e-4,3.4644581028049507e-4,4.580339461561115e-4,5.456444660584549e-4,2.7666479969161097e-6
ShotgunWGS-ControlPig3GutMicrobiome-Day0,3,Control,Day 0,Control Day 0,7.31043656365363e-4,0.0944350018584921,4.544206192253011e-5,5.219219345082827e-4,3.238298393314281e-4,2.5368141364519234e-5,0.33618213884314657,6.507479741333195e-5,9.044293877785119e-6,1.3500263056596325e-4,0.0013270846821647627,0.0021229825434098534,8.250160756808864e-5,8.823701344180603e-5,1.813270626229114e-4,0.002384605288264808,4.910389798036506e-4,7.312642488989675e-4,3.0816776944550756e-4,1.8044469248849334e-4,0.003777426545443716,0.0013118637973460513,0.5079182792900009,0.003933164874168504,5.7133466203569405e-5,1.985332802440636e-6,1.566206988592057e-5,2.867702936858696e-4,1.61032549531296e-5,1.3235552016270906e-6,4.897154246020235e-5,1.5794425406083281e-4,8.823701344180604e-6,4.3633203146973084e-4,0.03285549314012368,0.0031888856657868703,0.001418851176144241,6.794250035019064e-4,1.477969975150251e-5,0.0013628206726086943,8.737670256074842e-4,3.0044703076934954e-4,3.319917630747952e-4,6.103795404836933e-4,1.9191550423592813e-5
ShotgunWGS-ControlPig5GutMicrobiome-Day0,5,Control,Day 0,Control Day 0,6.923269482837774e-4,0.055967174742582775,6.535307750644063e-5,4.376115967304063e-4,4.066670299959079e-4,3.440851077194224e-5,0.39582142121467123,8.221093848866735e-5,9.237184099850265e-6,1.4779494559760423e-4,0.0013391607648757923,0.002050654870166759,1.027636731108342e-4,5.5884963804094106e-5,1.7596835710214756e-4,0.0021356369638853815,3.1937564025232294e-4,6.796258201464833e-4,3.0528893450005126e-4,2.0806757184912723e-4,0.0038673780530048096,0.0015359127862026028,0.4825220930350708,0.00445278459533282,4.179825805182245e-5,5.311380857413903e-6,1.847436819970053e-5,2.655690428706951e-4,3.348479236195721e-5,4.6185920499251324e-7,5.080451254917646e-5,1.5195167844253687e-4,1.3162987342286628e-5,4.152114252882694e-4,0.03536271188945677,0.004013094632179947,0.0012391682469949131,8.165670744267634e-4,1.4548564957264168e-5,0.0014968856833807356,0.0010135500253560703,3.57248095061709e-4,7.022569211911164e-4,5.618517228733924e-4,7.620676882376469e-6
ShotgunWGS-ControlPig4GutMicrobiome-Day0,4,Control,Day 0,Control Day 0,9.159761966632812e-4,0.06715051006504877,1.0568956115345553e-4,5.350722227056708e-4,5.453099579740968e-4,5.2393115785473675e-5,0.36773553641366713,1.2736947113365152e-4,1.0538845129261947e-5,2.0716358425520626e-4,0.0014757394279575086,0.00237033682450143,1.445327332013067e-4,9.213961741583303e-5,2.6166446906653235e-4,0.002638023490784683,4.1282161920623225e-4,8.801441232237906e-4,3.242953201204319e-4,2.8003217057753175e-4,0.005630152177912568,0.0016738697163876332,0.49086568181660784,0.004790958995762481,6.44375102189159e-5,8.732185964245614e-6,3.161653538778584e-5,5.043590169003932e-4,1.8969921232671504e-5,2.1077690258523893e-6,6.564194966226013e-5,1.7675148831076466e-4,2.137880011935995e-5,6.217918626264549e-4,0.03699616416148281,0.004201988107967156,0.0019909383998479996,8.135988439790223e-4,2.8605436779425282e-5,0.0016901296488727802,0.001554329101635719,4.4142705598565756e-4,8.60873092130283e-4,6.747871981336006e-4,4.81775777337689e-6
ShotgunWGS-ControlPig9GutMicrobiome-Day7,9,Control,Day 7,Control Day 7,4.893797724335022e-4,0.06710485280358708,7.688852536830977e-4,3.226572046705856e-4,3.962112786836371e-4,2.5498745657857832e-5,0.31602655007855573,9.022633078934309e-5,6.865046907884801e-6,0.0048222050922956524,9.95431801643296e-4,0.0013318191001296512,2.0006708131549991e-4,5.393965427623772e-5,1.108214715129975e-4,0.0016750714455238914,2.4027664177596802e-4,4.481894909861934e-4,1.9712491835497786e-4,1.6083824184187246e-4,0.0027646524619038934,0.0010376028040774456,0.5481190752193382,0.0030137555925614273,3.8248118486786745e-5,1.9614419736813716e-6,7.845767894725486e-6,1.510310319734656e-4,2.05951407236544e-5,0,2.765633182890734e-4,9.414921473670584e-5,1.3730093815769602e-5,2.3635375782860528e-4,0.04175027313079484,0.0025871419632857292,8.139984190777693e-4,5.472423106571027e-4,1.5691535789450973e-5,9.836631498012078e-4,6.531601772358967e-4,3.4619450835476207e-4,5.080134711834752e-4,5.060520292097939e-4,4.413244440783086e-5
ShotgunWGS-ControlPig3GutMicrobiome-Day7,3,Control,Day 7,Control Day 7,6.298092062721305e-4,0.08180308125740687,3.96635568835502e-5,4.790876901146397e-4,3.8605862033322196e-4,2.884622318803651e-5,0.25140517164704723,6.682708371895125e-5,5.2884742511400266e-6,1.5697153118156534e-4,0.0011168296077634801,0.002265149675840567,8.918290668967954e-5,7.956749896033403e-5,2.1129858485236745e-4,0.002406496169461946,3.793278349226801e-4,7.240402020197164e-4,3.3605850014062534e-4,2.4230827477950668e-4,0.003956019125045973,0.0012081759811922626,0.6068995358161918,0.004683424719770961,6.225976504751213e-5,6.250015024074577e-6,2.5480830482765585e-5,2.379813413013012e-4,3.677893456474655e-5,9.615407729345504e-7,3.7019319757980184e-5,1.5721191637479897e-4,8.173096569943678e-6,3.8726054629939017e-4,0.028991175459556394,0.0038798170187909105,0.001618994276428549,9.591369210022139e-4,1.682696352635463e-5,0.0015358209995697104,7.617806773573975e-4,5.132223875538162e-4,4.68270356419126e-4,5.954341236397203e-4,1.0000024038519323e-4
ShotgunWGS-TomatoPig17GutMicrobime-Day7,17,Tomato,Day 7,Tomato Day 7,8.440205865439184e-4,0.044969290877838096,1.0014871138842017e-4,4.0815323886601423e-4,6.172687871739104e-4,3.842183267102912e-5,0.3989187718366707,9.196045196672543e-5,1.7006384952750594e-5,1.6880411730878366e-4,0.001500341072498219,0.0020187208805024317,1.713235817462282e-4,6.424634315483558e-5,1.826611717147286e-4,0.007605003404426321,3.3130957352395604e-4,6.752164692351347e-4,2.645437659316759e-4,1.807715733866452e-4,0.0038119496938535777,0.00133972521461113,0.47273467079102993,0.003813839292181661,1.6250545621517235e-4,5.668794984250198e-6,1.763625106211173e-5,2.532061759631755e-4,1.3857054405944928e-5,6.298661093611331e-7,1.0707723859139263e-4,1.5557692901219987e-4,1.1967456077861528e-5,0.0010354998837897027,0.04440430097774116,0.0031310644296341926,0.0010046364444310073,7.489108040303873e-4,1.574665273402833e-5,0.001344134277376658,0.001987857441143736,0.0010392790804458695,5.202694063322959e-4,0.0031449214840401376,2.5194644374445325e-5
